code,start,end,dens,GamP1_01,GamP2_01,P0_01,GamP1_02,GamP2_02,P0_02,GamP1_03,GamP2_03,P0_03,GamP1_04,GamP2_04,P0_04,GamP1_05,GamP2_05,P0_05,GamP1_06,GamP2_06,P0_06,GamP1_07,GamP2_07,P0_07,GamP1_08,GamP2_08,P0_08,GamP1_09,GamP2_09,P0_09,GamP1_10,GamP2_10,P0_10,GamP1_11,GamP2_11,P0_11,GamP1_12,GamP2_12,P0_12
01003,1972,2019,0.9263337651631138,3.0643891530159695,46.15359642810295,0.0,4.795567735303209,27.562405690786935,0.0,3.018046168094904,34.259918541366886,0.0,1.9589281570052803,18.466905304063843,0.045454545454545414,0.5755816000304175,17.52104021263955,0.16279069767441856,0.11701264326142433,57.50599579564325,0.34883720930232553,0.6178005021252164,7.984779993469144,0.4545454545454546,1.655683301206143,5.8472231248504425,0.2558139534883721,1.6039912425575333,16.24847280345336,0.06666666666666665,2.689030914644158,19.751927891226597,0.022727272727272707,3.034245100178153,21.178402862875537,0.0,4.62500589600994,25.726803783083746,0.0
01012,1976,2019,0.9904029490275835,2.672227482941865,49.16800537260008,0.0,3.447798911101307,32.6539029137082,0.0,2.487778336628179,32.936252411117295,0.023255813953488413,1.5192426980700497,24.01127049335936,0.09523809523809523,1.6568240097729554,5.204066437571592,0.5714285714285714,1.5416146181332253,4.313659147869673,0.8604651162790697,2.2953115762986784,4.228910256410255,0.6511627906976745,1.749506339524063,7.846204278812971,0.5116279069767442,1.1883221845558987,20.560297856971328,0.2790697674418605,1.9424819106301536,24.794781547552137,0.023809523809523836,2.8868889033620837,20.222791501592482,0.023255813953488413,3.2963287574037117,32.91843315321239,0.0
01016,1977,2019,0.9417368762151652,2.7206974146368172,38.29465419644051,0.0,5.795306712348396,16.863945944774947,0.0,4.333173169304298,18.344411609999003,0.0,3.6334474993077492,12.190901343266734,0.0,1.9047904077590467,8.735494281421518,0.28205128205128205,0.9950993760935147,8.156639288158797,0.85,1.4354237670242818,7.6400202634245185,0.85,1.05428248186517,10.130112359550562,0.625,1.289561634019532,20.510845935727787,0.17948717948717952,3.3906575198234137,11.531686633463455,0.07317073170731703,2.5812829326815843,14.102542599650919,0.0,3.792047404895888,22.217502991294122,0.02564102564102566
01025,1979,2019,0.9852981778023192,4.898151846389795,19.16181918067283,0.0,3.127775246629572,23.275329670329675,0.0,2.510993120804369,21.868051274548883,0.0,0.7792686686498268,23.149132853819566,0.13157894736842102,0.7722852054714701,10.841496397196723,0.717948717948718,1.4114252319380527,4.92410071942446,0.9473684210526316,0.7929952089872792,5.044166666666666,0.8421052631578947,1.5263503747773186,4.802808943417547,0.675,0.3285137521114888,27.65541815766031,0.32499999999999996,0.953503821928273,22.41731968810916,0.07692307692307687,1.1504515611713886,26.092318643458988,0.025000000000000022,3.2886241145917072,19.073520974113706,0.0
01031,1974,2019,0.9113549500678092,3.0487999390623384,39.260880549576164,0.0,4.717678779724646,20.85712426340674,0.0,1.4969647056860373,47.436544805370076,0.024390243902439046,2.6859213611297608,9.185461990239057,0.30000000000000004,0.9737339603892914,13.376343570057582,0.8,3.3229047145516204,2.715997229916897,0.9024390243902439,2.024589544721999,3.961296758104737,0.8780487804878049,1.9291037437556164,5.974276934201012,0.7073170731707317,1.0525375895492806,16.674742854845956,0.55,2.219681743667175,15.44901290003749,0.09756097560975607,1.6810719891617802,27.30070142167346,0.09999999999999998,3.3180782072509314,24.2030739758326,0.0
01032,1975,2019,0.9709762532981531,7.042844628505599,24.80564811472562,0.0,6.449569146979514,27.29159787386441,0.0,5.130330422723133,31.265949353345817,0.0,3.424512126280934,24.23520700242289,0.0,3.5013053328115302,10.929438580717306,0.0,1.734014826451641,10.785700224279877,0.0714285714285714,1.4237498956616614,9.80572567094927,0.11904761904761907,1.3829181800298471,10.95991569533025,0.2682926829268293,1.269974953353756,23.411879046497937,0.06976744186046513,2.4963082435468857,25.303412125628146,0.0,3.355467863509068,30.61299777287542,0.0,5.8697155130633565,28.194763055708556,0.0
01034,1970,2019,0.9059320620448101,4.881094062490674,24.980476365416774,0.0,6.635106046486953,16.224176325226768,0.0,5.544464832891537,16.137868936966374,0.0,1.4256436805682624,24.927961515904222,0.0,1.0224148131616186,11.039069261532518,0.045454545454545414,1.05291243931717,4.002880374759202,0.18181818181818177,0.6461952974283681,6.947898974339406,0.18181818181818177,0.9412038698621671,9.045617363721629,0.20454545454545459,1.1457582829647648,24.389003208178195,0.0888888888888889,2.106409420999442,22.23165404141714,0.0,4.965163756334536,10.789565921301936,0.0,7.7028840047021365,12.76534492851553,0.0
01038,1974,2019,0.9696271597453774,4.270028234204073,40.49670507771397,0.0,4.318869744660062,36.58364556962025,0.0,3.8123972367916004,32.67574680494343,0.023809523809523836,1.4932874491521813,28.093975460785906,0.045454545454545414,2.315061226617596,3.8179935749703193,0.5909090909090908,1.1048048082166875,7.257555143269431,0.75,1.1716687028458201,8.538391989448842,0.5454545454545454,1.2801867057135465,12.071341906302615,0.36363636363636365,1.1356665865413818,23.023807102296804,0.13636363636363635,2.776218008865975,16.64603540076126,0.022727272727272707,2.7599866415785552,25.202230227191606,0.0,3.1088741099552863,44.63142715485789,0.0
01042,1976,2019,0.9926908150064683,3.638201193024109,22.96230521660262,0.0,2.3617003347284373,33.999914654013274,0.0,2.276904993252414,24.414828052632927,0.0,0.44664439734540656,54.49407588871627,0.09523809523809523,0.4553923291540046,26.5704958677686,0.5238095238095238,3.720967788447675,1.9503374578177726,0.8333333333333334,0.9026772213202149,5.12616538667619,0.7380952380952381,1.8838096487856992,4.487360672975816,0.6428571428571428,1.5479333500224255,8.090614658143947,0.19047619047619047,2.234668646310619,16.500727567580473,0.023809523809523836,3.947503382746697,11.713148674018692,0.023809523809523836,2.944623702614191,25.409639041620075,0.0
01043,1973,2019,0.9890480202190396,4.410035494918265,25.553542395602836,0.0,2.752934916015839,42.4898309255059,0.0,1.8949117125616282,40.93620005386396,0.0,1.6108906427650405,21.913343502578627,0.1333333333333333,1.129156662247726,10.30267430754537,0.5909090909090908,1.6116828731634607,4.048563218390805,0.8222222222222222,0.9249571480401714,5.5655731485228666,0.6444444444444444,0.9573681634643686,11.112409073818776,0.4444444444444444,2.0655729448299414,13.239454405121913,0.24444444444444446,1.859194341458905,15.547202717467163,0.0444444444444444,2.470338672504825,18.847480148824875,0.022222222222222254,4.783202167054336,18.51121573226645,0.0
01045,1974,2019,0.9420540007397361,5.641825405175165,18.676846653186423,0.0,4.570756356772392,20.694188850811546,0.0,1.9152645034963003,37.81492387246593,0.0,1.4431751003473219,15.740755685986791,0.12195121951219512,1.5760914058822326,5.030527670527671,0.825,1.1592968056018087,3.105826476227169,0.8571428571428572,1.4693414228398083,6.215936739659368,0.8536585365853658,1.0725216692530652,10.579794468331654,0.6046511627906976,1.0208449659224281,15.143416459718154,0.2857142857142857,1.6872603708544038,19.67526640863774,0.11904761904761907,2.3971908406871307,20.780420691104677,0.046511627906976716,4.350910448359774,19.67964895167666,0.0
01051,1975,2019,0.9963076537956067,5.085205691973019,27.395587397693834,0.0,3.463563768690943,32.91475990218512,0.0,2.703662976859048,31.2613699354612,0.0,1.5736430325328168,17.31483496665265,0.046511627906976716,0.818433244372593,7.560176767676768,0.4418604651162791,2.9429985629889837,0.593087121212121,0.75,2.3859170894321102,1.7373772599217747,0.6744186046511628,0.915675209381171,11.803738589692953,0.34090909090909094,0.700557583317283,36.62643754411779,0.09090909090909094,2.4066834321848227,19.746597388708764,0.0,3.5181100792684505,13.691049720629778,0.0,5.3479831128852675,17.337614016907885,0.0
01056,1975,2019,0.9729865561000126,5.2796981317228875,22.43741739435722,0.0,4.196775180720113,25.796661969178412,0.0,3.3631795595915004,26.565392796738927,0.0,2.583414891390285,15.819484829605992,0.023809523809523836,1.189749769774513,8.274107629308075,0.19047619047619047,0.7433467931888136,5.610884948384949,0.4285714285714286,1.1892846735032565,5.7090243603439506,0.30952380952380953,0.5326330590083909,15.032871457981896,0.23809523809523814,1.1937448224411988,13.528854489164088,0.06976744186046513,2.0068364367329217,19.63404932269484,0.0,3.159495441153989,17.222460588330897,0.0,4.630554117007766,20.74761121030116,0.0
01059,1970,2019,0.9673097236893312,5.4427307558939955,27.62098375552019,0.0,5.6087182448754955,28.565660693125107,0.0,3.81157872081567,32.61230808032967,0.0,2.0388082270443713,24.81288365497369,0.0,1.1199522525251322,14.006982641364646,0.18367346938775508,1.6815619465800544,3.3936299112151076,0.4693877551020408,1.6931589027847593,4.971100306320313,0.5102040816326531,0.9696159888128509,11.844250850340135,0.34693877551020413,2.2581139232810865,10.865685732005579,0.10204081632653061,1.9906937512872915,28.956894876709562,0.0,3.3495686470190886,24.879177665330577,0.0,5.795164969179612,22.811543168523375,0.0
01060,1977,2019,0.9675406571523398,3.0404078655894473,32.094593991105405,0.0,1.358571328812434,67.28398105783972,0.0,1.4922239244048114,51.924529344243055,0.0,0.6950503651317455,40.02004699413346,0.2195121951219512,2.244244314970216,3.306235399820306,0.625,0.5287224872624239,13.315113636363636,0.875,3.101942436849503,1.9372025856140838,0.7317073170731707,1.3088565544943775,7.506552162849872,0.6,1.4463985822829037,15.480979407021463,0.368421052631579,1.2709248948843652,26.099566047380115,0.10526315789473684,1.4102034875755163,28.567055681651006,0.052631578947368474,3.830473758493532,21.410940993184752,0.0
01062,1970,2019,0.9416662041405339,3.8157973815494133,32.44498065354601,0.0,3.9360148610140286,25.891722384243668,0.0,2.689011091741815,30.543410971215103,0.021739130434782594,1.457744827667003,15.970536631390901,0.08695652173913049,0.9759621508896132,6.948617111232971,0.5116279069767442,0.8380099803899685,9.612720306513411,0.8,2.504062264878638,3.2311133810010215,0.75,1.0580163078000602,10.062372165406845,0.45833333333333337,1.0320041200066705,21.12079854303093,0.1428571428571429,2.50075980488341,17.62331029240709,0.02083333333333337,4.881871274798176,9.686915302408513,0.0,3.7952451523818866,24.457631932378604,0.0
01063,1972,2019,0.9845378938737261,5.009499642749739,24.551651488728623,0.0,3.8496319827151364,29.328608119692465,0.0,2.199696010016266,36.49120826327168,0.0,1.6552065419253699,19.9688070115725,0.13043478260869568,2.4989754379985376,4.016382855408053,0.5869565217391304,1.7650952534711015,3.8833855799373036,0.7608695652173914,1.8989757284365958,4.187407766834559,0.6444444444444444,1.0216659507936787,14.030792156242178,0.48888888888888893,1.8434852758525093,16.173251777866067,0.2666666666666667,1.5092779306985022,25.79407940099639,0.021276595744680882,3.087306157999767,16.445836834733893,0.04255319148936165,3.44279119437146,27.119310367728428,0.0
01072,1970,2019,0.950991703752541,4.218308461324744,32.99706049789114,0.0,4.010633573898561,29.60621608722433,0.0,3.0166520405552357,32.4979130888723,0.0,1.749834036872608,18.88780314983637,0.0,0.4788235112763699,13.794883179431487,0.29166666666666663,0.43972065996087056,6.72901948512538,0.625,0.5576786034502182,11.16801830062554,0.45833333333333337,0.3862115277795872,28.85656185919344,0.20833333333333337,0.775657368326942,33.72088261115444,0.02083333333333337,3.9115189191637723,14.100923326375192,0.0,3.1691478981196415,20.519596228671706,0.0,4.9778126020118325,21.214137301456603,0.0
02001,1953,2019,0.9743957394510446,4.86055673703088,19.012263444409683,0.0,3.9077584228651596,16.22885927834896,0.015151515151515138,2.221527213636193,22.114112046043815,0.030303030303030276,3.269389203274053,6.0696202477302865,0.10606060606060608,0.766080401924007,11.38865552009966,0.3076923076923077,0.8590630755373923,11.480028936580661,0.5538461538461539,0.9164369652939626,11.836056827455275,0.5454545454545454,0.9022476703713666,14.173560581475696,0.3384615384615385,1.5344382613914977,15.59073317986995,0.10606060606060608,2.4913145710220954,10.721142923502955,0.030303030303030276,1.9390462350014341,15.30316494765343,0.046875,5.175176777065111,11.870175465792311,0.0
02003,1975,2019,0.9439718934911243,4.784135775724885,27.40567826806264,0.0,2.7163544215033113,35.48796240828328,0.0,2.7872774361204993,25.002407500512785,0.0,0.9852951725730578,29.502101298967805,0.1428571428571429,1.6249649105656099,5.867525967810025,0.6744186046511628,1.8092554250046438,9.535261798585873,0.6818181818181819,0.557038674245981,21.587370062370066,0.6363636363636364,1.1377894874656918,12.159542826165522,0.5121951219512195,1.1837104630199047,12.20268376068376,0.3571428571428571,1.446918178377715,16.279316316342854,0.24390243902439024,0.7774207259082703,44.27638492674595,0.14634146341463417,2.7845242736647253,27.273992054399724,0.0
02005,1970,2019,0.9659340659340659,5.929602097466031,33.57158313781989,0.0,3.739676466172592,37.46647674394833,0.0,4.778790570974958,26.74520472170048,0.020408163265306145,2.5904721751153192,21.261577850366702,0.04166666666666663,1.3215752368757219,19.922824161366623,0.20833333333333337,1.079903000166439,14.102507998652984,0.27083333333333337,1.2574103738600146,13.7158117186066,0.2857142857142857,1.3930287610897383,15.053293624896238,0.20833333333333337,1.7558132503248158,22.32939157736247,0.10204081632653061,2.0099095957065782,23.126362411472797,0.0,2.3604285258369058,26.974383236333104,0.02083333333333337,4.570059619539042,25.911531459374057,0.0
02006,1970,2019,0.9817487970798076,5.295919422171648,23.016919010818892,0.0,3.242499891486735,26.001169759422858,0.0,3.1772968900919856,18.89569115137894,0.0,1.7758742429020464,11.594027365168762,0.08163265306122447,0.8940400618283426,7.289966714907313,0.45999999999999996,0.7402760859972205,11.133964676306913,0.56,0.4980666977620522,17.114727818581102,0.6122448979591837,0.7131527287408527,19.572169844639742,0.48,0.5801857231120829,20.200779639946045,0.21999999999999997,1.1910407942178007,15.251503418029044,0.08163265306122447,1.678493170687127,15.543160977921804,0.04081632653061229,3.854360424372457,18.670199671926607,0.0
02008,1973,2019,0.9990646009938614,5.804602613437471,22.800517464542718,0.0,4.061510284178336,22.980927515375978,0.0,3.932731840729688,19.798047130490374,0.0,2.076933996822589,14.186072529036979,0.0,0.4762307128843452,28.96588580122611,0.23404255319148937,0.5808120665415832,23.362515262515263,0.44680851063829785,1.0012791031505988,10.574709150326798,0.276595744680851,0.9968002933955143,17.366092717351293,0.19148936170212771,1.6081637075857964,17.37808680721476,0.0,2.3657024439059633,16.268264184942165,0.0,2.106548517248031,23.703885613990064,0.0,4.979382146934248,17.435869051729203,0.0
02009,1977,2019,0.9923535510627268,4.700024982313092,37.32523219976314,0.0,3.6596133989621635,38.832788867082016,0.0,4.384108272099458,32.991342838883654,0.0,3.2767515148197734,20.37115698590485,0.023809523809523836,1.7254490655440442,17.160052352493214,0.1428571428571429,1.6864539524267677,13.194583706259237,0.26190476190476186,1.2940544276131345,15.315057926175102,0.3571428571428571,2.5697485294248987,11.82202020927624,0.18604651162790697,2.765371762198719,17.033922472570342,0.0714285714285714,3.4945668019205045,19.88821551106798,0.0,4.157369447846267,20.141342031408605,0.024390243902439046,7.0350628059832685,17.807862466808356,0.0
02012,1990,2019,0.9834351286322414,6.652817334931911,30.75052143501129,0.0,9.614138421932314,19.065808573461503,0.0,3.662732080189016,33.27531710216759,0.0,4.292611171760888,17.41849407955929,0.03448275862068961,1.950150426754766,29.64934851276651,0.033333333333333326,1.2640085315140297,29.12837817195528,0.09999999999999998,2.491257811098196,15.940185288814273,0.09999999999999998,2.8458925660546357,17.999235894076392,0.033333333333333326,3.839490290890459,20.79667360093983,0.03448275862068961,5.056208385102251,23.935920116858973,0.0,3.5791527917408903,32.450368661046845,0.0,4.689511235812614,38.62510706445318,0.0
02017,1972,2019,0.9210330838237815,6.4020521740335585,24.34369194200636,0.0,7.071066528352501,19.340016800323916,0.0,5.30065322952742,19.313342884431705,0.0,3.9134831985332204,13.110543757933291,0.021739130434782594,0.7587967597446568,37.861697436611436,0.021739130434782594,0.8886356735991277,27.23966675238372,0.10869565217391308,1.7558080734758963,16.556525590672475,0.10869565217391308,1.293887865472852,45.20038343578044,0.06818181818181823,2.336231003218296,30.8167299812487,0.04761904761904767,3.0243103167539735,22.658663328518255,0.0,4.145985879353643,17.064911737245925,0.023809523809523836,7.8205212450152795,14.89726663912091,0.0
02044,1976,2019,0.9452846975088968,0.8614761242215516,111.42247844046223,0.0,0.646894588824546,135.0876966814476,0.024390243902439046,1.5974408351712868,39.654773091712975,0.04878048780487809,0.7561463486689963,28.423476130169043,0.35,2.788761983666706,2.2016938110749185,0.8780487804878049,4.134444444444444,2.9508196721311477,0.95,2.5730016990282687,9.382038111019055,0.8780487804878049,0.9763699553003844,9.521322612260509,0.5121951219512195,1.2406859470117284,8.936588688462985,0.41463414634146345,1.2628603493427635,12.20502180091384,0.16666666666666663,1.2849993182444797,22.383235028786746,0.07499999999999996,1.4096659490400132,35.40735583039352,0.050000000000000044
02050,1975,2019,0.931409272336506,7.223808115099667,30.733727877054125,0.0,4.982637294494055,37.48456467834273,0.0,3.1685491952134472,51.71957453200381,0.0,2.5834558997118755,25.70019247819389,0.025000000000000022,1.7858619730670293,20.6094066118368,0.0714285714285714,1.1965738448755823,23.444387738048444,0.1707317073170732,0.9661376108002385,33.895997663390126,0.13953488372093026,1.3651876983818392,36.80281477744992,0.06976744186046513,2.8408154601421565,22.574572104256394,0.023809523809523836,2.6720890422725527,28.22296881624406,0.023255813953488413,4.113521178901413,23.053166542697955,0.0,4.823848997776644,32.577112849751764,0.0
02052,1975,2019,0.9505382959089511,5.934293524144653,17.013744337845356,0.0,3.2890591746464697,26.80966402437848,0.0,3.3237379786416903,19.50345985768534,0.023809523809523836,1.6287324678845323,18.368578382217763,0.024390243902439046,0.6648449360284979,24.79929422893048,0.16279069767441856,0.9538503940816809,16.86195642794533,0.13953488372093026,1.39495248379054,9.386554126131303,0.11627906976744184,1.2356856481787746,14.194256982340598,0.13953488372093026,2.0160671195199775,12.663741268212963,0.023255813953488413,2.525440800144532,14.110069948748773,0.046511627906976716,2.814196226572027,14.782375241974334,0.023809523809523836,3.5584765217995162,20.39781864106624,0.0
02056,1975,2019,0.9975392187019378,13.839238180087484,10.855990366565585,0.0,8.262229986325275,13.650562995191207,0.0,4.642125595043083,19.155116061574216,0.0,2.5510013190298966,14.8720567412579,0.0,1.3046632734072579,13.715872102278988,0.15909090909090906,0.7538720990601856,20.048219216880273,0.3555555555555555,1.4687109129498548,6.21431143906714,0.1777777777777778,1.2292367364687902,14.23560353356929,0.0888888888888889,2.2552572482698796,16.0050724072592,0.0,3.1055886186603057,17.976910577735325,0.0,4.31326768932617,16.49561425924743,0.0,12.495872183899072,9.270291587740399,0.0
02090,1942,2019,0.9900968860605627,8.029543529189391,16.473741364719537,0.0,6.025992935259336,17.199366185013645,0.0,3.916357753787463,19.39049868380616,0.0,2.991907465066349,10.65383282306171,0.012987012987012991,1.0105026249179616,13.785649278980989,0.06756756756756754,0.5946684911087462,16.399597395681695,0.3783783783783784,1.3004475000767315,7.478195005508633,0.2432432432432432,0.7579231201178845,20.69939589941199,0.09210526315789469,1.9676839482479076,16.182598988104715,0.013333333333333308,3.300731316117954,12.90358145883492,0.0,3.144598617870281,15.639522360198995,0.0,7.804083945238756,12.335199844136218,0.0
03003,1970,2019,0.9632494103450168,3.7142067063188087,33.25125675052447,0.0,3.0537696544615622,30.765091869648252,0.0,1.88885168557001,39.11071960989373,0.020408163265306145,2.087404351466,13.015923820480115,0.1875,1.4949442627138492,6.579318394024276,0.7021276595744681,0.9302344182571545,13.155749555484304,0.7959183673469388,0.9048121895033858,9.118919027204614,0.7755102040816326,0.9343459942344855,11.34483378256963,0.5531914893617021,1.326451261933927,13.417582140733057,0.34693877551020413,1.6961455047539218,14.9063968306505,0.125,1.8884064203122866,25.719590845136093,0.04166666666666663,2.1576235964550965,41.00367008243011,0.0
03004,1970,2019,0.9620975261916516,6.480530392434948,13.20492627767217,0.0,3.455024712967001,20.80449528528754,0.0,2.39732552939096,22.732234621260254,0.04081632653061229,1.6353845473478112,12.16729813533881,0.1428571428571429,1.069271873149809,7.873738081098024,0.5833333333333333,1.2083209718140566,7.3315511372562225,0.72,0.8286688673414832,8.171621855633813,0.653061224489796,0.9068969194081541,12.125597111789897,0.4347826086956522,0.8729936470077372,14.162344028520504,0.3125,1.4765195627929821,12.864507486623904,0.10204081632653061,4.440649751455257,8.779172996256268,0.04166666666666663,3.0968320769996063,21.396954272868232,0.0
03005,1970,2019,0.9958312763973451,4.28551103599804,30.665732098092178,0.0,4.694061425447259,22.70335194032411,0.0,2.5859638425032476,29.210410998456098,0.0,1.0336988940457743,24.693064559432365,0.020000000000000018,0.5731296686914742,12.62541514648977,0.5,0.7627654478988422,7.333512569832401,0.6734693877551021,1.0140317170995647,4.90122736418511,0.5918367346938775,0.9557469811296907,12.232433208726691,0.4,1.058833509645583,12.955191896920002,0.07999999999999996,1.5172225807941062,18.23727141308276,0.0,1.2784988831301494,48.00629927007298,0.0,3.9282105897173807,27.038847151503504,0.0
03008,1977,2019,0.9460825610783488,6.570736210671102,19.750172061534176,0.0,2.7891423299976363,37.41599539864798,0.0,3.3698472321754034,24.94672929502429,0.0,1.2061235242962014,25.24398853659646,0.0,0.9263901076208868,11.543013300083125,0.25,0.6380846112195422,15.938325139298593,0.25,0.937293263458103,15.324591484464904,0.17500000000000004,0.655147704519013,30.50130070672822,0.10256410256410253,1.5395170202926722,16.092709384460143,0.024390243902439046,2.0115748994641973,18.427994143049656,0.0,4.192318905668671,12.028545808338704,0.0,3.2738766152955927,27.64077900102218,0.0
03018,1979,2019,0.9894271948608137,4.539336419247846,31.07963280551164,0.0,3.9102382140291847,28.725755176702688,0.0,2.6150218701228805,29.883295041734403,0.0,1.362873707545417,18.131877238866313,0.12195121951219512,1.4940221944486416,4.701275221953186,0.4878048780487805,0.8305328707793749,8.80960516324981,0.5609756097560976,0.8472076886552725,6.836095234024327,0.5365853658536586,0.8453180847666764,12.028285512824157,0.46341463414634143,1.2491593533808003,7.590207994427492,0.14634146341463417,1.4261588457481162,18.60009194565137,0.025000000000000022,2.7475429452095574,19.377845761232816,0.0,4.71617321950626,22.249708947812366,0.0
03023,1987,2019,0.9305440026617867,5.722744297650895,27.818013188084162,0.03125,4.3056644840567655,31.98870180211393,0.0,3.723264125128759,25.32222926585542,0.0,1.038803207010573,21.544022822575105,0.16129032258064513,1.6421267367637928,3.698455909257226,0.5,1.268481094017357,9.150426373626374,0.7666666666666666,0.8879136926156683,9.306910572568762,0.5,1.0872034737896135,13.878624611356573,0.6129032258064516,1.0537864007267161,9.840703953712632,0.3548387096774194,1.6186898825667466,14.789929444548667,0.06451612903225812,2.1030538496833375,30.56787330023402,0.0,2.8968752882517785,37.73552543129365,0.0
03024,1971,2019,0.9862679452987573,5.2455682739300835,29.48092906521521,0.0,4.6252004577506485,27.70989732400988,0.0,2.9707441936466243,31.27453810427985,0.0,2.0978876845318744,11.221507990256029,0.12765957446808507,1.9614937251300888,3.041899441340782,0.625,1.9796632671534604,5.114506172839508,0.8297872340425532,0.5412858598674023,14.253807807347192,0.7291666666666667,1.427607928196123,7.875061337187755,0.4893617021276596,1.3345153074732359,10.022083786863265,0.1875,2.7682531030370594,10.1641560487623,0.061224489795918324,3.0672254761321303,20.317558969073342,0.0,4.563200646093966,25.032805956020304,0.0
03028,1970,2019,0.9223300970873787,5.868509716479188,16.372062245586974,0.0,5.164609607766133,15.312492532396682,0.0,2.73985247832034,19.74186699191118,0.022222222222222254,2.2733400251096083,8.419142257298157,0.1063829787234043,1.7698938877252508,4.039790209790209,0.5652173913043479,1.0877885775295926,5.74112316872376,0.6808510638297872,0.6678370544033443,7.686256150091454,0.5833333333333333,1.027909034567255,8.252588281297983,0.4375,1.322839721269294,8.230653399638642,0.21739130434782605,2.3288774554913383,8.648284006229266,0.06666666666666665,3.104815190876655,12.993932901795224,0.06666666666666665,3.236223985030009,23.948709836323314,0.0
03031,1970,2019,0.9840930283582908,6.5615228958460206,20.53562761929891,0.0,3.497106898088674,32.32473022166412,0.0,3.044348429493818,28.238674588033927,0.0,2.1244304839931636,10.971202775952898,0.09999999999999998,0.6653629336642215,24.55575455475279,0.5,0.8270393027086658,17.074863418591633,0.62,1.3184624596988304,11.013976269142798,0.5306122448979591,0.7492013869027653,24.97532915487595,0.30612244897959184,1.4358569350445471,12.822316449408447,0.22916666666666663,1.4068205940135743,22.723449631888613,0.020408163265306145,1.8975174013555616,29.754171989657053,0.0,3.0210260425488586,34.98636740979077,0.0
03035,1970,2019,0.9864939360529217,4.49161788697935,25.082721378992037,0.0,4.7804835830257355,19.798611820690493,0.0,2.6668100452188064,24.90248759963098,0.0,1.4848776089782132,12.042238290807415,0.020408163265306145,1.2783130159348777,4.413143917039035,0.40816326530612246,0.5874078998485285,8.775843840931133,0.5833333333333333,0.6278495617830507,7.409695245835029,0.54,0.6654654120253096,11.352273638916236,0.33999999999999997,0.9605472856642239,9.184578785334452,0.08163265306122447,1.728848874036989,11.230782992196247,0.0,2.725800168732576,15.4854618246781,0.0,3.521394730463963,23.753281654977428,0.0
03097,1989,2019,0.9662328206061709,5.650934257742353,20.485182296571335,0.0,5.2423277074079255,21.81541600165116,0.0,2.4596878361928645,27.910789576926152,0.0,1.5741839110661766,9.547580404973214,0.033333333333333326,1.4802124712853861,3.70845202384973,0.5,0.8763938642027291,9.149141944728006,0.6,0.6105413527485248,8.990749888143013,0.43333333333333335,0.8245223707454183,11.082077283918752,0.4,0.6980046003470768,12.981271598365616,0.1333333333333333,1.2223991919093629,17.40841687255263,0.0,3.0587490561959805,15.077488330456143,0.0,3.3195312200659677,25.946133369334046,0.0
03123,1970,2019,0.911769611386001,9.10025645418796,15.398841395575364,0.0,5.917620380678284,20.402599947785514,0.0,3.868344967412744,20.93401717845284,0.0,1.9694315546642212,14.190642946596292,0.0,0.9086157743991589,13.124359422315397,0.21739130434782605,0.40477639540735716,27.846061922868007,0.23913043478260865,0.8886818816953892,17.891666666666662,0.28888888888888886,0.7071138313756543,30.6190627732121,0.0444444444444444,1.2550969598357826,21.675254044201417,0.022222222222222254,3.658080754352778,11.578891933626695,0.0,4.521278155406971,13.147931293358726,0.0,6.722136161147045,14.347470783373101,0.0
04010,1990,2017,0.9537338463056131,3.399911345687335,37.29979611405501,0.0,1.467689841517565,76.18230830322325,0.038461538461538436,2.39678877049308,26.877244134377474,0.038461538461538436,0.42749955884540913,100.70185830429733,0.4285714285714286,1.3338699582529474,16.06853291861068,0.7857142857142857,2.2832004468554294,11.8802534562212,0.8571428571428572,11.11111111111111,0.44999999999999996,0.9259259259259259,2.479715172146334,6.702382671480145,0.8148148148148149,0.33345668893090136,90.11665082006179,0.4814814814814815,1.3039540800092766,20.828954344624453,0.4444444444444444,2.2925302440458792,11.562544410249538,0.19999999999999996,2.1672158449085486,33.92077283688302,0.08333333333333337
05003,1979,2019,0.9362339018447615,2.3654921637831445,38.822844793644414,0.05128205128205132,1.3694212587352481,44.745620826856815,0.10256410256410253,1.28122524879333,21.904255899356432,0.2222222222222222,2.5146698410475454,3.552487562189055,0.6666666666666667,1.8240827493160445,3.420897435897435,0.8611111111111112,3.8198629721700117,1.095152722443559,0.8333333333333334,0.7375834629104546,6.507738095238095,0.8,1.7869193368871186,1.9746674378253326,0.8055555555555556,1.5394375857338825,0.8704477611940297,0.8611111111111112,1.3442305476769127,4.603005050505051,0.7894736842105263,1.3186788115920538,4.687887700534759,0.7027027027027026,0.8640531548588117,29.96303529109181,0.23684210526315785
05007,1963,2019,0.924564984932439,4.632750808389639,20.867823208087902,0.0,4.269924396062711,18.882492910760604,0.0,2.5811490231224203,21.898274136261644,0.01851851851851849,1.4776289973527543,13.509346240287176,0.11111111111111116,0.6160421896842487,11.1872645063633,0.5384615384615384,0.49718550769709224,11.011986301369863,0.803921568627451,1.080325277271501,5.297886008365413,0.7692307692307692,0.7798911810852011,11.563449214805617,0.46153846153846156,1.360509138238432,8.791466011406685,0.28301886792452835,2.0270913637350536,16.67838928523883,0.03703703703703709,2.4684497070628435,16.305076881432466,0.037735849056603765,3.5507139412167756,21.730220519750564,0.0
05015,1970,2019,0.9718216840946615,5.955284944882876,16.943699379125814,0.0,4.1453321444516025,19.109318260315703,0.0,2.399263059946499,24.705321797245524,0.020408163265306145,1.0502972744142083,17.50694822116474,0.020408163265306145,0.9561033749622887,3.7707401581409,0.5306122448979591,0.604918560188308,5.335275886398217,0.6938775510204082,0.5079700211737017,9.225852682811189,0.653061224489796,1.2497259804029883,6.371110933114612,0.41666666666666663,0.7400438931746105,16.286368104595525,0.125,1.864376342516669,14.382942316843197,0.021276595744680882,2.6428556413336937,12.612827782621192,0.021276595744680882,3.6198787388012184,19.52083387459494,0.0
05017,1970,2019,0.9655880557251485,2.9200720190405707,33.4217280386218,0.0,4.5339330894461325,14.992637866956446,0.0,2.8450648382464987,17.932731320379464,0.0,2.084119096967802,7.196044513446125,0.34693877551020413,0.781114151681001,8.175135826142537,0.851063829787234,1.2216066481994459,6.876190476190477,0.9583333333333334,inf,0.0,0.9787234042553191,2.5780741755248786,2.6311629811629813,0.875,0.7460546734051008,12.94653578849323,0.6458333333333333,1.2692232342195608,13.94082035148487,0.17021276595744683,2.0750321007112844,15.138911166392674,0.1063829787234043,2.9961782671298773,22.626214867121256,0.0
05020,1970,2019,0.9441083421213299,4.674317444189609,21.932237441458334,0.020408163265306145,3.1879920193249007,27.749496212036075,0.0,2.744253310079606,26.42670206845687,0.0,1.9728993890570097,13.973311436251644,0.12244897959183676,0.5116661741469686,14.092247406838263,0.5957446808510638,2.2712387440558497,2.308369015181004,0.851063829787234,1.1612549719944805,4.391800356506238,0.7608695652173914,1.7021887316064237,6.379041954464056,0.4782608695652174,0.9593122985809914,15.470159517048387,0.2222222222222222,1.737554581314043,19.791024043755666,0.06521739130434778,1.6441573824013709,23.362793290290405,0.022727272727272707,4.904804020390881,15.290588597167869,0.0
05030,1974,2019,0.948815337312353,4.1473221274595256,21.620242738664913,0.0,3.159957838347274,21.703301203132412,0.0,2.780594509412552,14.394550875566658,0.022727272727272707,0.5316273077039962,16.378257159996988,0.25,0.4169966494060311,5.915315315315316,0.7954545454545454,0.7879228810476535,4.82280701754386,0.926829268292683,0.9933774834437087,1.0066666666666666,0.9285714285714286,0.3052555909281218,8.279202092871156,0.7441860465116279,0.6635610889378685,11.23126672613738,0.5476190476190477,0.9316494196200501,10.790897435897435,0.3023255813953488,0.9975583128476553,21.92973603091147,0.09302325581395354,2.343550405621425,28.1481748839,0.0
05034,1970,2019,0.9254342294501604,5.115299919140517,20.700898485267736,0.0,3.7819408337914955,17.653116855170143,0.0,3.163973916872762,16.31595492575279,0.0444444444444444,0.9155163268364142,16.331143566924194,0.2222222222222222,1.8473376967981603,2.3953389830508476,0.8260869565217391,1.3020833333333337,0.38399999999999995,0.8888888888888888,2.494908350305499,0.3507142857142857,0.9111111111111111,0.8855792159979919,9.485317460317459,0.7391304347826086,1.118003511666213,8.83002593192869,0.46808510638297873,1.4014757922359484,12.984764656048798,0.14893617021276595,1.3671550351842514,19.953562562049573,0.04255319148936165,2.8455305957552453,26.4671591384249,0.0
05035,1973,2019,0.9865502595563945,4.754240920734158,21.27686014139048,0.0,3.0240672512065516,25.5714509005014,0.0,2.396850457974987,22.41771684788928,0.0,1.3386498107093685,16.78004317956242,0.12765957446808507,1.2301825128903043,8.890957142857141,0.8260869565217391,27.135678391959786,0.22111111111111123,0.9333333333333333,1.599323647294589,2.3551622418879057,0.8,1.4108632580856875,5.288330437660294,0.6,0.7452597730067995,12.323722992514458,0.28888888888888886,1.688667192284273,12.575944782302997,0.10869565217391308,1.2675576247278173,20.211714004421083,0.0888888888888889,2.42392864810864,25.53893057159449,0.022222222222222254
05037,1970,2019,0.9144744083654376,5.827703221399438,38.42478455637068,0.0,3.650923737197981,55.20366308276499,0.0,3.524288015807852,39.151635448489564,0.022222222222222254,1.0709371800856522,44.16080527905437,0.13043478260869568,1.1100173814789267,16.82856531049251,0.6875,1.466891132117129,8.097245608564599,0.8043478260869565,1.000515241112939,9.69349036372158,0.5319148936170213,1.0563489439405214,16.530206961280268,0.4782608695652174,1.5449055398408331,20.823237285974933,0.2093023255813954,2.4757767541219975,28.291121113155327,0.022222222222222254,1.7921804967027646,50.735217146907154,0.0,3.4355953168562046,55.22865751056928,0.0
05046,1977,2019,0.9770927416715753,3.1992625687762057,29.22101961811619,0.0,1.6339513685959324,42.596624566579735,0.0,1.2159858261794179,35.805905584450706,0.050000000000000044,2.3804695147854678,2.1544369279745323,0.641025641025641,1.0306313421816242,3.9619727891156473,0.7,3.2017807226420967,2.9358662613981754,0.8292682926829268,0.3962927360217839,32.85450076804916,0.75,1.0769021598384005,10.121625163826998,0.8292682926829268,0.8457901460825391,7.169197219572033,0.7380952380952381,1.5502148281709778,6.430560344827587,0.6190476190476191,0.32636271361085434,55.27395488187688,0.29268292682926833,1.2745905071953114,42.83728749882599,0.0714285714285714
06006,1977,2018,0.959672131147541,4.055717666076179,41.38108562235595,0.0,7.085015595169205,20.39175469119763,0.0,2.988011377256643,43.01021106485624,0.0,2.1186438491315758,16.15448649488908,0.024390243902439046,0.3023214943259799,20.08268907563026,0.475,2.5252525252525264,0.7919999999999999,0.75,1.3612345791001454,1.999818594104308,0.775,0.7733771797249781,10.480009253547193,0.5,0.5688226300465618,24.979356971519724,0.15000000000000002,1.153804959675968,46.84167232331194,0.025000000000000022,5.225621888229385,15.796426839088285,0.025000000000000022,3.6582183297372937,33.6864803826101,0.0
06009,1980,2018,0.9996489996489997,7.182305031915838,21.336625660589124,0.0,5.614564765348378,23.638447968168006,0.0,3.892206270442245,26.79252949001658,0.0,1.4327689696385932,20.527054213917047,0.02564102564102566,1.144500904698621,4.129386824527019,0.41025641025641024,1.7215327261573312,1.3868455497382197,0.7948717948717949,2.294044665012407,1.1246511627906977,0.7435897435897436,0.4445118948079766,11.079568527918779,0.4871794871794872,0.723553049571172,17.534438949172845,0.20512820512820518,1.5256806289420075,25.708576342269225,0.0,3.243134697523393,21.26633751051581,0.0,3.722153602898294,38.61977051048793,0.0
06014,1975,2018,0.967461360365434,4.121861488190778,38.166511325392314,0.0,6.93695563811742,18.640330081775577,0.0,4.9045220814832815,23.855049911863237,0.0,1.7975886372028476,18.06620774296365,0.046511627906976716,1.0372050897921512,6.241834939137351,0.4651162790697675,2.3982881303495938,1.0156053623795556,0.6744186046511628,2.417016689588522,1.3187745098039214,0.813953488372093,0.5099013515003371,12.218902272520404,0.4651162790697675,1.461214116971344,9.49585605972843,0.16279069767441856,1.6729378410382023,28.589568754622512,0.023255813953488413,3.4794389144557174,26.089318625210137,0.0,4.3955196079006225,29.506764283905813,0.0
06018,1978,2018,0.9957590037024571,6.873123149324639,32.06584477126036,0.0,7.328574154126421,26.962952935222674,0.0,5.422749614903487,38.98898437407623,0.0,2.86800735528256,33.7943092815597,0.0,1.8659184135131306,13.869845440494593,0.024390243902439046,2.177656109507731,5.404893797790994,0.024390243902439046,0.9282210108433734,8.702803433268858,0.2195121951219512,1.476659171217475,5.739306784660767,0.2195121951219512,1.0942145067348976,13.57645641153495,0.12195121951219512,2.0673184428205507,30.384958269748857,0.0,2.946573258703738,39.316443311091916,0.0,9.089957307911774,19.5632677106088,0.0
06021,1978,2018,0.9162604340567613,3.125921491856602,43.055935356928224,0.0,3.8834880574619857,37.301253979816664,0.0,2.1729895032632607,53.91719556125519,0.0,1.007974428784782,74.42594008549224,0.09999999999999998,0.36972947582791416,55.013195673549674,0.16666666666666663,1.7845269387215665,3.6034394567422177,0.3783783783783784,1.5097832133441906,3.6850564468211515,0.7027027027027026,0.5200454332222706,24.933718937446447,0.6756756756756757,1.005954477062458,11.655597014925371,0.45945945945945943,1.249972405793655,28.41396058188644,0.027027027027026973,2.150714828946468,44.36488507542212,0.0,2.201608261571476,62.17513647043655,0.05555555555555558
06023,1972,2018,0.9396591970121382,5.731757349850406,40.02465804191172,0.0,7.156103254957678,33.392348097205335,0.0,4.334076225405612,45.01374989950848,0.0,2.0111101531662596,26.137757301931064,0.0,0.7790738371872853,15.263544998970278,0.18604651162790697,1.1721061921502458,5.906228735151912,0.5,0.7100144445413759,6.7533837330552675,0.5454545454545454,0.6006180855510656,17.370994287927203,0.2666666666666667,1.3466322035789529,13.21634885034612,0.0888888888888889,3.165933759313661,18.628171035499115,0.0,5.133277415312362,24.455244748917718,0.0,7.322801727434853,28.221935272311374,0.0
06027,1975,2019,0.9923515767036549,7.267924888413438,16.48901315449201,0.0,4.02359211754925,27.725428098670314,0.0,3.6851046214038234,24.910950107400343,0.0,1.6679854557534743,13.585565891851918,0.11627906976744184,0.6310299869621903,6.9727272727272736,0.45238095238095233,3.259985475671751,0.5872068230277185,0.8333333333333334,0.4623333156245018,12.761355932203395,0.8863636363636364,1.2742475522346957,5.170807569795765,0.5909090909090908,0.7776199649849889,15.284193632909735,0.2093023255813954,2.290257556911849,20.2384062223975,0.022727272727272707,4.94933352234497,15.256415953418118,0.0,4.696644089690949,24.21167842230919,0.0
06028,1975,2018,0.9974197608558842,7.431977951177621,27.833837300809183,0.0,7.690923495766639,24.795407836598024,0.0,6.161741648028288,27.17482777473839,0.0,2.562424567891901,16.885979068896038,0.023255813953488413,1.1774853707820876,9.289487211932368,0.2093023255813954,0.9429198920826297,5.399050601964842,0.6046511627906976,0.8909564512103814,4.6652355830453,0.4772727272727273,0.7841933297913292,11.776807793180968,0.2272727272727273,1.0761578649310795,16.82784679695993,0.06818181818181823,1.78503113797946,43.31080107328377,0.0,7.603242563836401,16.938141215011168,0.0,8.327564540980648,24.052650569600136,0.0
06030,1980,2018,0.938013338013338,6.162524562279311,23.566157921050532,0.0,3.4875906881828667,35.83128756717008,0.0,3.634788847088616,25.904450345891483,0.0,1.0140802702512544,25.622091174714875,0.0,0.775359884457291,8.496054712207462,0.33333333333333337,1.6342059951475303,1.607675369613086,0.6944444444444444,1.2324968402847072,2.4028771228771224,0.6388888888888888,0.7038641547810457,8.660267940209637,0.3783783783783784,1.387635062416183,8.43597925932899,0.10810810810810811,1.5866852674833534,18.35885813443802,0.0,2.753383907926813,21.98964909021154,0.0,5.074177097974612,24.400707961678037,0.0
06031,1970,2019,0.9956521739130435,8.458518703476376,16.30188962725882,0.0,6.157808971598766,17.39126187090273,0.0,3.9283379098456397,22.11100960120622,0.0,1.4223697742122334,14.517153318641924,0.06000000000000005,0.44533299772352525,8.795418677822317,0.42000000000000004,0.37682726933541266,10.228945111492283,0.78,0.3006076371247994,13.204025044722716,0.74,0.5067996849491359,6.083248662746399,0.42000000000000004,0.7027462000096176,13.702394268815182,0.26,2.0967261458500546,17.315419682097872,0.0,3.9146428861551166,16.7915352924354,0.0,6.133812158182131,19.99061180177804,0.0
06032,1981,2016,0.9901760452687834,1.2603225929450756,61.565703489856425,0.02857142857142858,2.4589626584171715,23.07555944519548,0.0,1.6244579242994168,26.86583849886169,0.02941176470588236,1.1407125851246325,15.59113157154906,0.4285714285714286,2.1377215496634756,6.476261815587659,0.7272727272727273,7.668639053254435,0.4694444444444446,0.9411764705882353,nan,nan,1.0,0.7628611089678679,17.319666508987705,0.7714285714285715,0.7519746557025863,15.084094998200792,0.6,0.9575490493109691,21.706058190514142,0.2571428571428571,0.9021648893127898,25.605075384385735,0.1470588235294118,1.3409751918602097,35.85845167720278,0.02857142857142858
06033,1984,2018,0.9233121618442719,4.754466822506527,37.75939829925408,0.0,7.014085018351343,22.86784239442281,0.0,4.324730849760777,28.891598445643325,0.0,2.8018556991103023,9.840252569284827,0.03125,1.1700147792140243,5.150560481044682,0.28125,1.276715547891902,2.4525823353293412,0.5,1.10062893081761,1.59,0.625,0.6034354832726045,8.432111526691603,0.46875,0.8972831263203506,17.459830436209234,0.18181818181818177,1.8399464500597857,26.581801284217644,0.0,4.833562270892644,21.720601267538864,0.0,4.47353886346597,35.19486318116163,0.0
06036,1970,2019,0.9777105118326912,3.3255558479949876,64.56108020617309,0.0,3.505915895127467,54.704080762510024,0.0,2.5477237233711305,84.4267046674643,0.0,1.5474457517519824,75.22360574138759,0.0,0.8769430673013333,46.21237694195843,0.0,0.7099554694685939,32.49132135232921,0.061224489795918324,1.0463074265743393,10.572632724350706,0.18367346938775508,0.22855525646812996,48.46298772297024,0.30612244897959184,0.6482913708584674,21.07588381343792,0.20408163265306123,2.087367074012382,21.49200429870988,0.02083333333333337,2.6766914808477034,42.81211652749569,0.0,3.728727000507406,51.18465147168233,0.0
06037,1977,2019,0.9385205907227897,6.25403563908847,24.08947101528966,0.0,5.05955074353403,25.967644568546206,0.0,3.4051386603624665,29.051868629370496,0.0,2.3471574920537255,13.61739136396671,0.05128205128205132,1.1732091958714606,6.111757728803185,0.3076923076923077,0.6693355737306667,5.053299232736572,0.5641025641025641,0.557289174134702,6.472659123055164,0.65,1.0077647998084338,7.983840410840671,0.4,2.196410883140395,4.971960059744395,0.22499999999999998,3.4107448890895107,11.457174684920991,0.0,4.7319890892624095,14.183854518998498,0.0,4.026443202989229,30.85912149654936,0.0
06044,1970,2018,0.9146108993047769,4.260473362496564,50.822469560259435,0.0,6.513568965762117,31.729267409118165,0.022727272727272707,4.593546006609278,41.561653512705654,0.0,1.5592385818041872,60.23893044389466,0.022727272727272707,0.9721691423964322,25.728233937044383,0.10869565217391308,1.5394480950611562,8.51620554945413,0.15217391304347827,1.6201534251104466,4.31870808562017,0.2978723404255319,1.0481919267590358,7.778473698555463,0.33333333333333337,1.3975442882733244,12.832032218091697,0.18181818181818177,1.6835801336802378,32.992644784570864,0.0,3.6484077488400235,29.862007754600373,0.0,4.361418482668072,42.89211303360537,0.0
06153,1990,2018,0.9789463746223565,9.235608337567133,10.907460922446766,0.0,5.737182632974458,14.342806713935738,0.0,3.6350297303642,14.610704386801535,0.0,1.7078050611877234,8.401325428194992,0.2068965517241379,1.9837661510232167,3.5160394265232977,0.7241379310344828,1.2258064516129037,3.0999999999999983,0.8928571428571429,inf,0.0,0.9655172413793104,2.7138920562523747,2.075739644970415,0.6896551724137931,1.243995221182387,7.856407457935425,0.48275862068965514,1.2695299929962713,17.01417069243156,0.1785714285714286,2.2760622291304338,9.297246288031273,0.0357142857142857,2.7554096938938653,22.133084027708062,0.0
06166,1975,2018,0.982286432160804,3.928919477703168,39.02013711765066,0.0,4.634496604895642,24.44575547740005,0.0,2.5735204053462333,38.59285979967189,0.0,1.1747049041619417,43.4952790833119,0.19047619047619047,1.0975230058434666,14.523613550815563,0.40476190476190477,0.5751960684386973,16.747912341407154,0.6511627906976745,4.060023257894265,1.5147696476964767,0.8604651162790697,1.3109918592341103,5.575237449118048,0.7441860465116279,1.4327853992739383,11.443328038966543,0.4545454545454546,2.30522521306816,18.071542044053896,0.11363636363636365,2.9636619569613867,23.83951805343947,0.0,3.2505128194485224,38.832700403749165,0.0
06167,1977,2018,0.9631819403386187,3.196140416089462,59.5726530486809,0.0,3.33714453901756,54.7212799379019,0.0,2.759077917376556,58.307290983403924,0.0,1.3376240551819043,68.71603113007447,0.05128205128205132,0.4853247009258549,46.85866312446562,0.07692307692307687,0.8088396508665735,14.109100595864,0.375,0.9574180357038866,6.3132761437908504,0.55,1.2068939822076497,7.064967422465469,0.625,0.5525635301558953,39.45247706422018,0.3589743589743589,1.2479535065588323,29.802638877840536,0.0,3.2514681235022325,33.391840366640004,0.0,3.644817163424405,43.09612607629992,0.0
07001,1975,2017,0.9773614363778298,3.357787397161073,45.872584314825076,0.0,3.9992761963527714,33.82036144781658,0.0,3.51819506832254,31.51036284848768,0.0,2.0864161780247774,38.388752271337246,0.0,1.5584024180697686,39.68449737344923,0.024390243902439046,0.7385552007281653,56.601138402227264,0.12195121951219512,1.6600258599364723,14.286189761737809,0.2682926829268293,2.235674623659733,6.528797398421514,0.3902439024390244,1.2143178048431844,28.101488584729456,0.29268292682926833,1.7134451077612418,35.91941502366587,0.09756097560975607,2.290409675596026,39.90997605485676,0.023809523809523836,3.6737089128373945,38.900066597042,0.04878048780487809
07002,1970,2019,0.9861860209135939,5.679587425726158,42.8819178338807,0.0,5.86922724361245,37.651069942066485,0.0,5.109634259048042,34.00753275326254,0.0,3.4697913307740658,26.328399250575668,0.020000000000000018,1.598346433464978,45.139976051050546,0.0,1.3591168652186012,34.970904026638486,0.12,1.4453460221623808,22.85811728285033,0.19999999999999996,1.1671138015067444,40.49052670283491,0.16000000000000003,1.2433390965604456,51.52813539963071,0.08333333333333337,3.545828315156672,28.943824117530927,0.0,5.035675838243711,35.423660239627274,0.0,6.629787747497503,33.935413453169616,0.0
07006,1970,2016,0.9443470127440664,5.539679462359321,22.54715852360092,0.0,7.3446289112863345,13.723650734256946,0.0,4.188524855529861,17.391925353321476,0.0,1.57117999495745,24.87802339007974,0.0,0.4503759520149779,32.26933691355263,0.06818181818181823,0.959164383598814,11.500671492168886,0.09090909090909094,0.4327256558723849,30.70321390878328,0.1333333333333333,0.4909887726811892,38.26462242182303,0.11111111111111116,1.759316941120735,10.75683061259352,0.04255319148936165,1.554572378944579,24.34958250801816,0.0,3.7818510166470927,13.364494929375116,0.0,4.125252488615144,24.423849384397073,0.0
07007,1970,2019,0.97473858007705,5.677361476828598,32.61007135525065,0.0,5.566605320462421,30.454207565114604,0.0,6.472482929033445,20.961915458879517,0.0,2.8843906990840185,30.770396596354917,0.0,2.00749897966021,27.429080034934962,0.0,1.5271650326733488,24.753964713819805,0.12,1.293261565636494,19.44727071372814,0.18000000000000005,1.857218994271866,19.412536410840055,0.18367346938775508,1.8457723007279052,29.094766439357993,0.04081632653061229,3.164501743713261,29.133190717616607,0.0,5.910458233196478,22.512303708514956,0.0,4.704951192177193,39.168900208669164,0.0
07010,1977,2016,0.9586018492574951,1.7905084749753386,119.62935189346301,0.0,1.6072508422100233,126.47035876725526,0.0,1.6757969247843454,120.18649450657968,0.0,1.5515743289702597,67.52596364086028,0.052631578947368474,0.9695242398643115,75.41864898970114,0.1578947368421053,2.011411359196047,18.44093577513321,0.29729729729729726,1.2495920760867736,29.31956812237007,0.3846153846153846,1.3694288141365407,25.139178783221624,0.4864864864864865,1.2509908493949085,23.23201204614415,0.32432432432432434,1.0774193479634386,63.96138645957948,0.08108108108108103,1.7532753404310941,71.32463524364826,0.0,3.339566653483351,51.44213674108089,0.0
07014,1977,2016,0.9928062530262157,4.355593902392166,23.762545893719807,0.0,3.1611051685693266,27.81136253034909,0.025000000000000022,2.4247167480240845,32.42935491911691,0.0,2.1083756591484373,18.29741252756173,0.07499999999999996,1.5392130120743932,13.919155624647203,0.15384615384615385,1.0899702970609135,11.534053044747127,0.3076923076923077,0.3855346332604252,43.577580889647244,0.375,0.7682135653419419,31.8968221000687,0.28205128205128205,0.9041711622696956,21.232092465096173,0.2894736842105263,1.4809781165499623,27.850476306855317,0.05128205128205132,3.1956976276540074,17.16446230766742,0.0,3.062816739108927,30.85144027252462,0.0
07015,1976,2019,0.9825067402344975,3.9564213659195855,59.59977372809762,0.0,4.9871603286102815,36.9815788180118,0.0,4.121396871628868,32.93201633291559,0.0,1.3274193390753921,71.30205541426999,0.0,1.0717398609415207,85.39435140784046,0.0,1.0841601171053779,68.64883098750137,0.06818181818181823,0.7267503189253742,59.681858259030676,0.045454545454545414,1.0881282582723888,45.88153980971458,0.06976744186046513,2.137087350377448,35.64907987107978,0.023809523809523836,2.4924901766901835,42.12305500534718,0.023809523809523836,3.8654785411343306,46.901718448990415,0.0,5.120428933556621,40.71537078375519,0.0
07017,1975,2016,0.9728337236533958,3.6376507724597325,55.507344152445974,0.0,4.594804621128859,31.411020032564824,0.0,2.4437493190904878,48.69451156776904,0.025000000000000022,1.4327961980005102,50.683748923930935,0.0,1.269763205437734,69.58701804346167,0.050000000000000044,1.1202442583049899,57.260494655128774,0.15000000000000002,0.708171709414498,68.52871216532913,0.125,1.1490980492609695,47.91046644350242,0.15000000000000002,2.0724384180245425,33.912549140284156,0.050000000000000044,2.418169204357214,36.08366614676342,0.0,4.43293896997942,28.044035986486215,0.0,2.954386316056739,48.6195812850722,0.0
07022,1970,2019,0.9843698403962575,3.1347735208619096,56.48225289351946,0.0,3.7971410629404816,38.48990018203509,0.0,3.209412878856342,38.14166605262966,0.0,1.8017392000239076,39.79025878079959,0.0,1.3215396751490809,45.94892947613035,0.0,1.1613659411731578,29.121145424919828,0.14,0.8531462170845356,35.989964868952754,0.19999999999999996,0.8003915977937408,43.99884556931778,0.24489795918367352,1.5141531423867884,35.917160847001604,0.12,3.067819080322952,29.206406055813353,0.0,3.9789882569950756,30.67748770915178,0.0,4.004360669945265,39.33468984047304,0.0
07026,1970,2019,0.992735277930655,1.9296259612317717,81.13369671943431,0.0,4.426096316802876,30.51639163188236,0.0,3.527443185377203,37.91094669826991,0.0,3.3094075881873963,27.20875968073748,0.0,1.9218724162577467,40.20946980962707,0.0,1.7866098127332042,23.84689275125729,0.040000000000000036,0.7721949945602448,35.14338539807654,0.040000000000000036,0.9335348870391768,37.026927391899115,0.09999999999999998,1.71033245829567,31.176977763226446,0.09999999999999998,3.223138653647336,32.026711304139305,0.0,3.118687209415645,43.99562744504906,0.0,2.8496590307337657,50.56842548366698,0.0
07028,1970,2019,0.9792515134837645,4.061616375196738,44.75924496067726,0.0,4.107092572691463,45.60377300788878,0.0,2.517799703558722,53.56489983486615,0.0,1.8084398523550675,41.9016899530761,0.0,1.5541680622765581,31.320678209147093,0.0,1.2799060249080076,23.76536927330042,0.18000000000000005,0.7347185803833357,25.310781681990154,0.26,1.345987706349282,21.72514559927666,0.18367346938775508,1.3069165750885396,40.033580235213556,0.07999999999999996,2.7115323099845035,29.092002979488644,0.0,3.324094056111074,36.86008353632026,0.0,5.388561259101686,30.04595954446211,0.0
07029,1970,2019,0.9881122729774353,9.29381912838532,23.438825696458363,0.0,5.05760321678627,36.39302618631749,0.0,3.9748821822912617,42.285786228752585,0.0,2.162681287377731,52.243487614894235,0.0,1.508287750635493,53.36369174705282,0.0,1.3937469817577364,37.09081185869498,0.09999999999999998,1.1090051371428236,27.757064858057223,0.14,1.329855204300863,34.12064327319084,0.07999999999999996,1.4491522770128897,50.25411003570949,0.020000000000000018,2.9869157449575545,32.924856537012104,0.020408163265306145,4.571222447345265,33.542222929579644,0.0,3.634202459578618,53.710577198173475,0.0
07039,1970,2019,0.9932532499588613,3.172237976618454,62.39288853327923,0.0,2.9193847635909305,53.953985924999984,0.0,4.4519271693655025,31.399388435214068,0.0,2.7532601867407274,42.25698385668914,0.0,1.577918103639852,67.4121593644793,0.0,1.6132883752092961,49.40852813824536,0.020000000000000018,0.8652722834437953,68.59021153364841,0.0,1.1522018860167413,43.36458958377015,0.020000000000000018,1.6107342809465084,46.607658922132565,0.020000000000000018,1.8948411576831616,58.165098706753874,0.0,4.112280722325021,37.80266423525189,0.0,4.8602251097672085,37.74155025141431,0.0
07040,1970,2019,0.9718767198679141,4.285758155641682,35.44824554533536,0.0,4.017063720027825,34.22386154375594,0.0,3.1581385712897974,38.208543475777496,0.0,1.878436776461774,36.84646480156594,0.0,2.062300883685232,10.901073017451175,0.0,1.493373310808939,8.438747991498232,0.04081632653061229,0.6334963107981795,15.201803580215547,0.10204081632653061,0.6472225736229573,12.283526197323125,0.22448979591836737,0.6225227161929261,33.316921349730386,0.10416666666666663,1.8889523776469612,19.31490634116516,0.02083333333333337,3.0235987386539214,20.448778909045245,0.0,3.631962262437911,41.22600481381086,0.0
07042,1970,2019,0.9802421574023115,3.5204495894134795,51.27319814719816,0.0,6.489185473478169,22.911645496833266,0.0,2.5505530021119593,55.8931769297349,0.0,1.4872833769812828,42.48862776391023,0.020000000000000018,0.9373407077137109,67.76688399543227,0.020000000000000018,1.8824904607396433,20.000951602502568,0.24,0.42065087881892527,65.059033634656,0.24,1.2657653463234797,29.22117715086736,0.19999999999999996,2.0091948603368106,26.809620851354598,0.08163265306122447,3.697409268612399,23.908052522428985,0.020408163265306145,3.8077137391427716,31.57357291514436,0.0,3.3935653923769316,39.5910928663107,0.0
07043,1984,2019,0.9938492681407661,4.373277327286672,43.613456733359335,0.0,5.2001084220929705,33.25805706487453,0.0,3.885697093478565,36.196165050895054,0.0,2.1556571802819917,54.11098301297637,0.0,1.8004679247921462,52.62965182283892,0.0,1.856040806899649,39.4588420809944,0.02857142857142858,0.752320376128534,82.95087277765936,0.02857142857142858,0.9674617758651873,42.998031982970105,0.02777777777777779,2.1136376490588815,33.93874333046869,0.0,2.902944584932189,31.679849408075633,0.0,3.017020348343957,43.32656984859036,0.0,3.133979821988569,60.32084584563089,0.0
08003,1970,2019,0.9840118674798088,9.057054941065216,27.907496970931017,0.0,6.128671179156848,42.04346271299013,0.0,6.581819009781711,35.513880431222255,0.0,6.343205356681559,19.925144216289173,0.0,1.9909178228761788,30.6695582375828,0.0,0.9943369588728402,23.26311931175331,0.18367346938775508,0.8095139139043485,26.342792602545522,0.19999999999999996,1.47420135329646,23.974004648193983,0.26,2.0093555728744983,31.56176564640572,0.020000000000000018,4.464605293413049,27.71029026452411,0.0,6.495869127561938,29.900888883226507,0.0,10.904769488580937,20.771926887477463,0.0
08006,1970,2019,0.9660458216581507,4.730346498963201,60.86409515768275,0.0,6.512823994625,40.69477146637791,0.0,5.072981145426516,38.86265518147223,0.0,4.085641031546477,32.86387161275175,0.0,1.9510282751766839,37.29441066457858,0.020408163265306145,1.0346547084136797,29.369166546243136,0.12244897959183676,1.1784286622147344,25.974865297998853,0.16000000000000003,1.2281652457149894,28.205573061546534,0.12765957446808507,1.6106703485552818,51.59011155123726,0.0,3.700375603770429,35.075103448016804,0.0,5.4302277605984415,38.23972394228764,0.0,5.651371544527764,40.291810800400484,0.0
08007,1970,2019,0.9906598538541839,7.4591838424641566,40.89460132202837,0.0,4.786106740332567,54.397941505011964,0.0,4.1669542102055575,54.213368044444685,0.0,4.008863679223631,30.07668075780144,0.0,1.6349166969433637,64.2886647929891,0.0,1.3127555418169534,39.68906344587581,0.06000000000000005,1.3780612195619877,28.07441197915303,0.07999999999999996,1.0012839911107565,44.13644975822597,0.06000000000000005,1.5570656356227803,63.62854101236766,0.020408163265306145,4.081912327211852,32.672095067402786,0.0,4.646223970204673,46.366876654746164,0.0,6.6726172456225665,42.77682437961338,0.0
08008,1970,2019,0.988242404263502,9.844789234943537,30.80753273926297,0.0,9.34490005335726,30.363067490468563,0.0,11.463564991692747,22.880607692581528,0.0,3.549388143492503,47.83239236277433,0.0,2.137957383500998,36.95565529120714,0.0,1.0240115580497757,30.65430292735188,0.12,0.9509357333067114,25.883277356446374,0.36,1.3299209300620727,21.500259657438782,0.16000000000000003,3.990005133269964,17.88101121476828,0.020000000000000018,4.725943490931661,30.58698344097868,0.0,8.244587548381064,26.664978115734353,0.0,6.790814078939585,38.397299687637684,0.0
08009,1970,2019,0.9801659249491786,4.375751003566795,76.43978224102035,0.0,6.796482727914958,47.527491896808606,0.0,5.576966020031402,47.12541075307431,0.0,3.3022016302725405,56.14033615063385,0.0,2.3933230051816468,63.56737573040746,0.020000000000000018,2.400400247729827,54.65789620305604,0.0,1.9273415225823376,44.87611043138986,0.020000000000000018,1.3043356343481578,65.67596198485842,0.020000000000000018,2.542735034404019,30.51870827685838,0.0,3.417489050239293,40.76378235165408,0.0,3.6268330361141565,55.24951225971197,0.0,5.911027503846195,44.97853472512447,0.0
08010,1970,2019,0.9403329487390802,8.356504647908984,41.41267492004085,0.0,4.90975080202215,64.93673751372793,0.0,4.605374650912812,56.8727978795667,0.0,4.109571919863787,35.87083236282416,0.0,2.5618647904721654,49.66571191258421,0.0625,1.5255124653216918,42.91944068871269,0.061224489795918324,1.1159599514498935,44.56616404761822,0.125,0.7497904909045982,66.06900517484587,0.020000000000000018,2.256690634722461,43.17060110955519,0.02083333333333337,3.251969469676126,49.269475715913515,0.0,5.14877902126535,40.32779413008523,0.0,5.710420751983942,55.780166192408586,0.0
08011,1970,2019,0.9528597329817043,2.9266754892395066,94.11596058829694,0.0,5.751730763688346,50.34499096540528,0.0,4.641966794750625,48.93919049122074,0.0,4.2789904216152985,36.59648451579801,0.0,2.468064549973249,46.10138972053714,0.0,1.1590022264444013,61.96880042585133,0.0,1.6025309828472512,36.61207051386754,0.04166666666666663,1.401790178692171,43.48391084163943,0.04081632653061229,2.720230159628881,30.502299802965556,0.0,2.0070974707507037,75.61306380346502,0.0,5.365640664867106,35.543171348637415,0.0,5.751961944412659,46.04092694448567,0.0
08015,1981,2019,0.9588066139468009,7.865632558305697,30.551414160366434,0.0,12.161492000771998,19.244248759438467,0.0,4.9460589734723825,42.371558832299925,0.0,2.22449868264287,47.01608885857291,0.0,2.158972265048896,24.57528240730491,0.0,0.8531683956264369,30.234808762965077,0.16216216216216217,1.644574549968126,17.010332081299648,0.2777777777777778,1.1601979193931424,30.08532619304826,0.10810810810810811,2.0251512617728378,27.876041560387208,0.0,3.1362214281593466,38.13967898980149,0.0,5.788813424875348,30.782700407199815,0.0,10.059873301857364,22.851508296058785,0.0
09002,1970,2019,0.9880775781550464,9.106929199837728,30.875536667375417,0.0,8.589175957598934,33.341654047728795,0.0,6.3923070773952,40.47545424540424,0.0,5.172892760092163,36.27466351994103,0.0,2.2686656011577875,38.272931834349706,0.0,0.999202279149411,34.18702841595309,0.020000000000000018,1.709115792077019,15.010276063606733,0.06000000000000005,1.7154072796792854,29.927903354227944,0.020000000000000018,2.6866739127924193,37.50792899138453,0.0,6.170845887681913,27.49596970389251,0.0,6.877502624583517,33.53276508817825,0.0,6.225275326819851,41.55647231630834,0.0
